streetName,streetType,longitude,latitude
KINGSLEY,PL,-76.1903905,43.0566446
ABERDEEN,TER,-76.095061,43.062321
ACADEMY,PL,-76.1515126,42.995697
ACADEMY,ST,-76.1518596,42.999843
ADAMS,ST,-76.1411958,43.0427022
AINSLEY,DR,-76.129408,43.01122
ALANSON,RD,-76.1722137,43.0252701
ALBERT,RD,-76.091785,43.045428
ALDEN,ST,-76.133209,43.019834
ALEXANDER,AVE,-76.151087,43.033482
ALMOND,ST,-76.1422564,43.0442133
ALTON,ST,-76.1964224,43.0233929
ALVORD,ST,-76.155718,43.066036
AMES,AVE,-76.157676,43.0036834
AMHERST,AVE,-76.142102,43.023284
AMIDON,DR,-76.144503,42.996675
AMY,ST,-76.173606,43.04088
ANDERSON,AVE,-76.1399491,43.0905042
ANDOVER,RD,-76.120822,43.027836
ARCH,ST,-76.0994224,43.0607625
ARCHER,RD,-76.1903708,43.0296531
ARDEN,DR,-76.1743496,43.0215084
ARDMORE,PL,-76.143087,43.081343
ARGONNE,DR,-76.1802365,43.0268986
ARGYLE,AVE,-76.133399,43.075234
ARGYLE,TER,-76.153204,43.0271098
ARLINGTON,AVE,-76.166777,43.021279
ARMSTRONG,PL,-76.1656884,43.0139307
ARNTS,PL,-76.155864,43.075954
ARSENAL,DR,-76.137633,42.999781
ASH,ST,-76.149749,43.0603284
ASHDALE,AVE,-76.108728,43.073519
ASHWORTH,PL,-76.1320822,43.0477133
ATKINSON,AVE,-76.183726,43.02816
ATLANTIC,AVE,-76.153679,43.010901
AUSTIN,AVE,-76.188171,43.028157
AVERY,AVE,-76.194009,43.051372
AVOCA,ST,-76.1914079,43.0458812
AVON,RD,-76.100785,43.063579
AVONDALE,PL,-76.119167,43.039506
BAKER,AVE,-76.1435843,43.0290506
BALDWIN,AVE,-76.155205,43.0154065
BALL,CIR,-76.1330707,43.012614
BALLANTYNE,RD,-76.1496902,43.0104603
BALLARD,AVE,-76.156249,43.030754
BARKER,AVE,-76.161994,43.050812
BARNES,AVE,-76.1595643,43.0078023
BARRINGTON,RD,-76.0843182,43.0437053
BASIN,ST,-76.157766,43.062807
BASSETT,ST,-76.122352,43.044403
BEACON,RD,-76.113168,43.073811
BEAR,ST,-76.1612549,43.069744
BEARD,AVE,-76.150029,43.025996
BEARD,PL,-76.1446252,43.0263944
BEATTIE,ST,-76.1082964,43.049301
BEAUMONT,PL,-76.087535,43.044802
BECKER,ST,-76.147095,43.071807
BEECH,ST,-76.1247911,43.0445903
BEECHER,ST,-76.1399851,43.0610811
BELLE,AVE,-76.1448386,43.0114707
BELLEVUE,AVE,-76.1870024,43.0319958
BELLSHIRE,LN,-76.1535039,43.0791483
BENDER,ST,-76.135333,43.07651
BENEDICT,AVE,-76.1379791,43.023495
BENNINGTON,DR,-76.140032,43.011949
BERGER,AVE,-76.1541511,43.0148491
BERKELEY,DR,-76.126623,43.032054
BERKSHIRE,AVE,-76.1393073,43.0757946
BERTRAM,PL,-76.1577022,43.0173353
BERWYN,AVE,-76.13908,43.024872
BEVERLY,RD,-76.1675188,43.0278486
BISHOP,AVE,-76.1580963,43.0208736
BISSELL,ST,-76.1576301,43.0253922
BLAINE,ST,-76.1544157,43.0332284
BLOSSOM,RD,-76.105183,43.044142
BOISE,DR,-76.13127,43.024088
BORDEN,AVE,-76.1505434,43.0268272
BOSTON,ST,-76.090432,43.064831
BOYDEN,ST,-76.1224029,43.0609638
BRACE,ST,-76.153663,43.075776
BRADFORD,LN,-76.1053392,43.0339988
BRADFORD,PKWY,-76.10126,43.035592
BRADFORD,ST,-76.1562626,43.0054482
BRADLEY,ST,-76.172376,43.034758
BRAMPTON,RD,-76.140891,42.992401
BRATTLE,RD,-76.128667,43.067303
BRIGGS,ST,-76.1394089,43.077056
BRIGHTON,AVE,-76.1340418,43.0114247
BRISTOL,PL,-76.122923,43.042435
BROAD,ST,-76.1159669,43.0305427
BROADVIEW,DR,-76.20072,43.023868
BRONSON,ST,-76.1453864,42.9940458
BRONX,AVE,-76.133659,43.073437
BROOKFORD,RD,-76.101554,43.037871
BROOKLEA,DR,-76.150217,42.9936859
BROOKLEA,PL,-76.1498046,42.9954294
BROOKSIDE,DR,-76.149513,42.982839
BROWN,ST,-76.1442938,43.0517279
BRUCE,ST,-76.111653,43.048804
BRYANT,AVE,-76.184705,43.045117
BUCKINGHAM,AVE,-76.120822,43.027836
BUNGALOW,TER,-76.1852236,43.0312515
BURDICK,AVE,-76.154064,43.076739
BURLINGAME,RD,-76.132086,43.063259
BURNET,AVE,-76.1162593,43.0558443
BURNET PARK,DR,-76.184283,43.041004
BURNS,AVE,-76.091702,43.065064
BURT,ST,-76.1456147,43.0383159
BURTEN,ST,-76.1343333,43.0197471
BUTLER,ST,-76.1293501,43.0183225
BUTTERNUT,ST,-76.1433477,43.0650493
BYRNE,PL,-76.1416401,42.9973643
CADILLAC,ST,-76.1475222,43.0814125
CADWELL,ST,-76.175565,43.037889
CALEB,AVE,-76.100585,43.0609
CALTHROP,AVE,-76.1451267,43.015734
CALVIN,RD,-76.177036,43.022275
CAMBRIDGE,ST,-76.117983,43.043791
CAMP,AVE,-76.1573928,43.0079343
CANNON,ST,-76.1460588,43.019284
CARBON,ST,-76.154007,43.068337
CARLISLE,ST,-76.152683,43.0684911
CARLTON,DR,-76.0891962,43.0447928
CARLTON,RD,-76.175918,43.022616
CATAWBA,ST,-76.153457,43.0619996
CATHERINE,ST,-76.1434511,43.0554077
CAYUGA,ST,-76.1906429,43.0501771
CENTRAL,AVE,-76.189579,43.006286
CHAFFEE,AVE,-76.1528649,42.9977234
CHAMPLIN,DR,-76.101927,43.060601
CHANNING,PL,-76.141591,42.997973
CHARLOTTE,ST,-76.1939255,43.053744
CHARMOUTH,DR,-76.166777,43.021279
CHATHAM,PL,-76.1442976,43.0825442
CHATHAM,RD,-76.12536,43.066361
CHELTENHAM,RD,-76.138302,42.995879
CHEMUNG,ST,-76.1958175,43.0575093
CHENEY,ST,-76.162271,43.030006
CHENNAULT,DR,-76.111598,43.036059
CHERRY,ST,-76.1234752,43.0468641
CHESTER,ST,-76.1575352,43.0315171
CHURCHILL,AVE,-76.13984,43.009872
CIRCLE,RD,-76.1279868,43.0317921
CLAIRE,RD,-76.087107,43.043005
CLAIRMONTE,AVE,-76.169191,43.030281
CLARENCE,AVE,-76.14039,43.004338
CLARENDON,ST,-76.123312,43.0383747
CLARKE,ST,-76.116891,43.039017
CLAYTON,AVE,-76.169046,43.015709
CLEVELAND,AVE,-76.144693,43.07095
CLIFTON,PL,-76.1168163,43.0663794
CLINTON,ST,-76.156526,43.059048
CLOVER,ST,-76.1588783,43.0344247
CLYDE,AVE,-76.161604,43.021808
CODY,AVE,-76.189417,43.046632
COFFEY,DR,-76.1845722,43.0477635
COLBY,AVE,-76.103124,43.073779
COLDBROOK,DR,-76.1400816,42.99264
COLERIDGE,AVE,-76.18385,43.043485
COLLEGE,PL,-76.1315101,43.0379138
COLLINGWOOD,AVE,-76.107169,43.064021
COLUMBIA,AVE,-76.168006,43.021217
COLUMBUS,AVE,-76.121223,43.045975
COLVIN,ST,-76.1254908,43.0225013
COMMONWEALTH,AVE,-76.16311,43.071353
COMSTOCK,AVE,-76.129413,43.0320598
COMSTOCK,PL,-76.1290984,43.0462506
CONAN,ST,-76.1497035,43.0106589
CONCORD,PL,-76.117602,43.03985
CONGRESS,AVE,-76.162973,43.039568
CONIFER,DR,-76.1422405,42.9905649
COOK,AVE,-76.1187607,43.0645413
COOLIDGE,AVE,-76.1635475,43.033274
CORAL,AVE,-76.150335,43.009355
CORDOVA,ST,-76.13973,43.006346
CORNELL,AVE,-76.168814,43.01207
CORNING,AVE,-76.1476488,43.018247
CORTLAND,PL,-76.1525802,43.0034205
COSSITT,ST,-76.1527556,42.9962679
COUGHLIN,AVE,-76.105622,43.073668
COURT,ST,-76.144715,43.0792794
COYKENDALL,AVE,-76.1961673,43.056284
COYNE,CIR,-76.1474244,43.0481221
CRADDOCK,ST,-76.162651,43.020502
CRAFTON,AVE,-76.1512081,42.991981
CRAIG,ST,-76.145656,43.071164
CRATON,ST,-76.123486,43.056781
CRAWFORD,AVE,-76.109193,43.035696
CREHANGE,ST,-76.1547809,43.0221671
CRESCENT,AVE,-76.159898,43.028516
CRESTVIEW,DR,-76.095754,43.141499
CRESTVIEW,TER,-76.1953901,43.0479333
CRIPPEN,AVE,-76.144128,43.003769
CRIPPEN,PL,-76.144223,43.004506
CROLY,ST,-76.112656,43.048195
CROSSETT,ST,-76.170284,43.027924
CROUSE,AVE,-76.1364393,43.0516272
CROYDEN,RD,-76.108379,43.030872
CRYSLER,ST,-76.18143,43.04888
CULBERT,ST,-76.1498667,43.0721147
CULVER,DR,-76.096952,43.065288
CUMBERLAND,AVE,-76.11268,43.029263
CUMBERLAND,PL,-76.1124695,43.031985
CUMMINGS,AVE,-76.1602059,43.0678362
CURTIS,ST,-76.148289,43.06703
DAISY,ST,-76.157657,43.035346
DAKIN,ST,-76.111835,43.050571
DAKOTA,ST,-76.113642,43.032682
DALE,ST,-76.144611,43.076874
DARLINGTON,RD,-76.1364917,43.0771888
DAVIS,ST,-76.169803,43.039217
DAWES,AVE,-76.145011,43.008691
DEARBORN,PL,-76.1570865,43.0297229
DECKER,ST,-76.1468236,43.0523028
DELAWARE,ST,-76.1693854,43.0373903
DELL,ST,-76.120627,43.04186
DELRAY,AVE,-76.100257,43.04989
DEMONG,DR,-76.089232,43.044627
DEVINE,ST,-76.1191022,43.050241
DEWEY,AVE,-76.179362,43.053892
DEWITT,RD,-76.082454,43.038205
DEWITT,ST,-76.134109,43.066963
DIANA,AVE,-76.128548,43.015454
DICKERSON,ST,-76.1547728,43.0443351
DIDAMA,ST,-76.106593,43.046662
DILLAYE,AVE,-76.11692,43.056621
DIVISION,ST,-76.1490748,43.063233
DODGE,DR,-76.1201872,43.0239459
DOLL,PKWY,-76.0877969,43.0453638
DORCHESTER,AVE,-76.125213,43.069326
DOROTHY,ST,-76.12722,43.061546
DORSET,RD,-76.126259,43.033311
DORWIN,AVE,-76.1495562,42.9851596
DOUGALL,AVE,-76.1403811,43.0252601
DOUGLAS,ST,-76.140912,43.059691
DRISCOLL,AVE,-76.1974582,43.052814
DUANE,ST,-76.178387,43.031761
DUDLEY,ST,-76.1699873,43.0350967
DUNDEE,DR,-76.186668,43.027269
DUNLAP,AVE,-76.113263,43.075806
DURSTON,AVE,-76.127238,43.068374
EAST,AVE,-76.105706,43.044312
EASTMAN,AVE,-76.160575,43.021769
EASTVIEW,AVE,-76.164087,43.028357
EDGEHILL,RD,,
EDGEMONT,DR,-76.089551,43.039486
EDGEWOOD,AVE,-76.165449,43.016022
EDGEWOOD,DR,-76.1373888,42.9887189
EDISON,ST,-76.1707217,43.0555866
EDMUND,AVE,-76.1535741,43.0172888
EDNA,RD,-76.140215,42.9851538
EDTIM,RD,-76.1164934,43.0703884
EDWARDS,AVE,-76.105927,43.064088
ELDORADO,ST,-76.1201711,43.0635936
ELIZABETH,ST,-101.7559949,37.9826089
ELK,ST,-76.1429324,43.0250388
ELLEN,ST,-76.1511379,43.0803933
ELMWOOD,AVE,-76.163974,43.018825
ELOISE,TER,-76.1627829,43.0259539
ELSNER,ST,-76.1364247,43.0684714
EMERSON,AVE,-76.188976,43.055235
EMPIRE,AVE,-76.1533842,43.0099191
ENFIELD,PL,-76.093016,43.039778
ENGLERT,AVE,-76.147711,43.0796907
ENGLEWOOD,AVE,-76.1562821,43.0045898
ERICKSON,ST,-76.095977,43.062293
ERIE,BLVD,-76.112557,43.051827
ERIE,ST,-76.192021,43.0521351
ESSEX,ST,-76.1967487,43.0552432
EUCLID,AVE,-76.1127794,43.0371171
EUCLID,TER,-76.1180263,43.0374622
EUREKA,ST,-76.175892,43.05448
EVANS,ST,-76.160329,43.05537
EXCHANGE,ST,-76.1659177,43.0709367
FABIUS,ST,-76.160001,43.044316
FAGE,AVE,-76.1481177,43.0237102
FAIRDALE,AVE,-76.184067,43.027407
FAIRFIELD,AVE,-76.165461,43.016902
FAIRVIEW,AVE,-76.1267865,43.0533089
FARMER,ST,-76.13394,43.064422
FAYETTE,BLVD,-76.0976631,43.0492285
FAYETTE,ST,-76.1677655,43.0465996
FEIGEL,AVE,-76.1250504,43.072153
FELLOWS,AVE,-76.1151384,43.0370029
FENTON,ST,-76.174384,43.038871
FENWAY,DR,-76.110564,43.048294
FERNDALE,DR,-76.145962,43.004778
FERNWOOD,AVE,-76.1493838,43.0225892
FERRIS,AVE,-76.107216,43.044656
FILLMORE,AVE,-76.13984,43.009872
FIRST NORTH,ST,-76.153881,43.071353
FISCOE,AVE,-76.1441925,42.9928142
FISH,AVE,-76.1538941,43.0069041
FITCH,ST,-76.1726719,43.0379703
FLETCHER,AVE,-76.166438,43.01683
FLORAL,PKWY,-76.146392,43.002457
FLORENCE,AVE,-76.1411005,43.0069942
FOBES,AVE,-76.111602,43.073387
FORD,AVE,-76.1559789,43.0130554
FORDHAM,RD,-76.12534,43.071271
FORDLAND,AVE,-76.1506913,43.0774025
FOREST,AVE,-76.1492253,43.0210283
FOREST HILL,DR,-76.1109986,43.0653281
FORMAN,AVE,-76.1399298,43.048534
FOUNTAIN,ST,-76.134971,43.054483
FOURTH NORTH,ST,-76.160577,43.078724
FOXBORO,RD,-76.09368,43.049493
FRANKLIN,ST,-76.154837,43.0536213
FURMAN,ST,-76.153397,43.030515
GALE,AVE,-76.115021,43.057134
GAME,RD,-76.131484,43.012925
GANNETT,AVE,-76.156339,43.080178
GARFIELD,AVE,-76.1419827,43.0275947
GARFIELD,PL,-76.141042,43.027682
GARY,AVE,-76.1423299,42.985336
GEBHARDT,AVE,-76.153457,43.0619996
GEDDES,ST,-76.1742949,43.0351807
GENANT,DR,-76.158232,43.061915
GENESEE,ST,-76.2005361,43.0471972
GENESEE PARK,DR,-76.109227,43.046634
GEORGE,ST,-76.1329078,43.1367609
GERE,AVE,-76.1976242,43.0577148
GERTRUDE,ST,-76.136618,43.054639
GIFFORD,PKWY,-76.084997,43.042464
GIFFORD,ST,-76.164053,43.043165
GILBERT,AVE,-76.147673,43.067872
GILBERT,ST,-76.1541487,43.0810927
GIRARD,AVE,-76.1524744,43.0100712
GLAHN,AVE,-76.1536616,43.0248613
GLASS,TER,-76.1414,43.028537
GLEN,AVE,-76.14185,43.005439
GLENCOVE,RD,-76.096915,43.064916
GLENWOOD,AVE,-76.1785563,43.022716
GOODRICH,AVE,-76.126978,43.019235
GORDON,AVE,-76.171826,43.029169
GORLAND,AVE,-76.1013244,43.0455824
GRACE,ST,-76.166158,43.038495
GRAND,AVE,-76.1908702,43.0362316
GRANGER,ST,-76.156615,43.0440077
GRANT,AVE,-76.176957,43.0318162
GRANT,BLVD,-76.1390347,43.0722866
GRANT,TER,-76.121124,43.0725634
GRASSMAN,AVE,-76.143694,43.066493
GRAY,AVE,-76.125213,43.069326
GREEN,ST,-76.137665,43.055435
GREENLAND,DR,-76.1412005,43.0721825
GREENWOOD,PL,-76.122133,43.040776
GRIFFIN,ST,-76.1597468,43.0142743
GRIFFITHS,ST,-76.145954,43.069241
GROVE,ST,-76.1561515,43.010281
GRUMBACH,AVE,-76.139659,43.065108
GUILFORD,RD,-76.094583,43.03597
HAFFENDEN,RD,-76.1229164,43.0270304
HALL,AVE,-76.1449328,43.0123346
HAMPSHIRE,RD,-76.13121,43.06648
HAMPTON,RD,-76.12378,43.066545
HANCOCK,DR,-76.1793547,43.0256887
HARBOR,ST,-76.188401,43.055331
HARDING,PL,-76.140095,42.993534
HARDING,ST,-76.1398859,43.0791678
HARFORD,RD,-76.1449429,43.0831669
HAROLD,ST,-76.141493,43.074844
HARRINGTON,RD,-76.1018678,43.0401563
HARRISON,PL,-76.150152,43.042762
HARRISON,ST,-76.1409177,43.0443188
HARTLEY,ST,-76.142452,43.068525
HARTSON,ST,-76.1770847,43.036517
HARVARD,PL,-76.116605,43.0416257
HARWOOD,AVE,-76.10012,43.048303
HASBROUCK,ST,-76.093484,43.061858
HASTINGS,PL,-76.11769,43.064586
HATCH,ST,,
HATHERLY,RD,-76.1030918,43.0398617
HAWLEY,AVE,-76.133251,43.054843
HAWTHORNE,ST,-76.120819,43.04395
HAYDEN,AVE,-76.1964638,43.0531937
HAYES,TER,-76.1373105,42.9855481
HAZELHURST,AVE,-76.113263,43.075806
HEADSON,DR,-76.0854712,43.0549352
HELEN,ST,-76.1353277,43.0685233
HENDERSON,ST,-76.134308,43.055063
HENRY,ST,-76.1406129,43.0361669
HERALD,PL,-76.154834,43.0533602
HERBERT,ST,-76.148773,43.067871
HERBST,AVE,-76.124484,43.059038
HERKIMER,ST,-76.192432,43.0532113
HERRIMAN,ST,-76.1771581,43.037696
HERTFORD,ST,-76.123284,43.028481
HERZ,ST,-76.1378752,43.0757451
HIAWATHA,BLVD,-76.162379,43.076316
HIER,AVE,-76.1406306,43.0650787
HIGH,ST,-92.8771704,38.6679712
HIGHLAND,AVE,-76.1358983,43.0607633
HIGHLAND,PL,-76.141344,43.059481
HIGHLAND,ST,-76.141538,43.064051
HIGHRIDGE,DR,-76.199844,43.02654
HIGHRIDGE,PL,-76.200393,43.027042
HILLCREST,RD,-76.207027,43.029996
HILLSBORO,PKWY,-76.088731,43.040462
HILLSDALE,AVE,-76.108396,43.063976
HILLSIDE,ST,-76.1398859,43.0791678
HILLTOP,RD,-76.222148,43.024245
HILLVIEW,AVE,-76.1624,43.020496
HILTON,RD,-76.1454865,42.9905522
HIXSON,AVE,-76.120043,43.062051
HOBART,AVE,-76.140261,43.0127528
HOEFLER,ST,-76.179632,43.035681
HOLDEN,ST,-76.180904,43.036706
HOLLAND,ST,-76.163433,43.037941
HOMECROFT,RD,-76.102351,43.06647
HOOD,AVE,-76.1457512,43.0750503
HOPE,AVE,-76.151628,43.021575
HOPPER,RD,-76.1595332,42.999183
HOUSTON,AVE,-76.112399,43.039144
HOVEY,ST,-76.1567444,43.031706
HUBBELL,AVE,-76.170455,43.030243
HUDSON,ST,-76.248088,43.0496312
HUGHES,PL,-76.133297,43.024056
HUNT,AVE,-76.1557399,43.0212078
HUNTER,AVE,-76.169198,43.057025
HUNTINGTON,RD,-76.195626,43.02971
HUNTLEY,ST,-76.1394451,43.0774875
HURLBURT,RD,-76.100566,43.039671
HURON,ST,-76.1563525,43.0322045
HUTCHINSON,AVE,-76.166668,43.015962
IDA,AVE,-76.1464448,42.9831771
INTREPID,LN,-76.1281495,43.0034606
INVERNESS,PL,-76.1966228,43.0305352
ISABELLA,ST,-76.155059,43.062955
JACLYN,DR,-76.1460782,42.9861082
JAMES,ST,-76.1234856,43.064628
JAMESVILLE,AVE,-76.127902,43.015637
JANET,DR,-76.1077454,43.033291
JASPER,PL,-76.1422374,43.0620927
JASPER,ST,-76.13751,43.062285
JEROME,ST,-76.117421,43.033632
JOHN,ST,-76.14668,43.064848
JOSEPHINE,ST,-76.147241,43.061001
JUDSON,ST,-76.122133,43.040776
JULIAN,PL,-76.110968,43.022057
JUNEWAY,RD,-76.1946582,43.0267057
KANDACE,ST,-76.1825818,43.0336736
KANE,RD,-76.1972319,43.06124
KAPPESSER,ST,-76.14499,43.068851
KEEN,PL,-76.1579524,43.0154907
KELLOGG,ST,-76.165284,43.037859
KENMORE,AVE,-76.1520568,43.0152508
KENNEDY,ST,-96.1773455,40.6631507
KENSINGTON,PL,-76.119651,43.028965
KENSINGTON,RD,-76.119911,43.031618
KENWICK,DR,-76.135333,43.07651
KENWOOD,AVE,-76.1505331,43.0790324
KIDD,AVE,-76.116298,43.052135
KILLIAN,DR,-76.0941347,43.0371965
KIMBER,AVE,-76.155169,43.0035755
KIMBER,RD,-76.0933941,43.037727
KINCAID,AVE,-76.199765,43.057429
KING,ST,-76.154118,43.038626
KINNE,ST,-76.1204404,43.0597427
KIRK,AVE,-76.15362,43.0280041
KIRK PARK,DR,-76.1550318,43.0219692
KIRKWOOD,PL,-76.1530736,43.0251515
KLINE,ST,-76.128486,43.068307
KNAUL,ST,-76.141713,43.066478
KRAMER,DR,-76.1558655,43.0013182
KUHL,AVE,-76.1446947,43.0782109
LACY,PL,-76.1615412,43.0707303
LAFAYETTE,AVE,-76.1525268,43.018582
LAKEVIEW,AVE,-76.17764,43.050301
LAMSON,ST,-76.100075,43.071417
LANCASTER,PL,-76.123196,43.027484
LANDMARK,PL,-76.146142,43.049059
LANDON,AVE,-76.148857,43.028211
LARNED,ST,-76.15409,43.040898
LATTER,DR,-76.1386749,42.9940286
LAWRENCE,ST,-76.1514826,43.0696009
LEA,LN,-76.1189241,43.072486
LENNOX,AVE,-76.1163658,43.0356143
LEWIS,ST,-76.1917301,43.055314
LEXINGTON,AVE,-76.1198264,43.0471299
LIBERTY,ST,-76.1737568,43.0537506
LILAC,ST,-76.152885,43.064066
LILLIAN,AVE,-76.110894,43.073213
LIME,ST,-76.094061,43.052736
LINCOLN,AVE,-76.1571145,43.0362884
LINCOLN PARK,DR,-76.1291237,43.057957
LINDEN,ST,-96.1908751,40.6693315
LISTMAN,AVE,-76.137343,43.074677
LOCKWOOD,RD,-76.085861,43.038535
LODI,ST,-76.1555571,43.0645038
LOEHR,AVE,-76.18106,43.034638
LOMA,AVE,-76.144715,43.0792794
LONGMEADOW,DR,-76.1466706,42.9895375
LOOMIS,AVE,-76.1539224,43.0085375
LORRAINE,AVE,-76.132189,43.024303
LOWELL,AVE,-76.1840493,43.0508178
LUDDINGTON,ST,-76.097153,43.062111
LYDELL,ST,-76.1784854,43.0364571
LYNCH,AVE,-76.167755,43.014603
LYNCH,ST,-76.167755,43.014603
LYNHURST,AVE,-76.1423409,43.0152589
LYNN,CIR,-76.1361537,42.9931505
LYNWOOD,AVE,-76.101578,43.07102
MADISON,ST,-76.1327273,43.0453454
MAGNOLIA,ST,-76.1749611,43.0455234
MAINS,AVE,-76.1571631,43.006275
MALCOLM,ST,-76.1666519,43.0333093
MALVERNE,DR,-76.1438488,43.0797538
MANILLA,ST,-76.1320086,43.0531874
MANOR,DR,-76.0825037,43.0419402
MAPLEHURST,AVE,-76.139199,43.0797019
MAPLEWOOD,AVE,-76.139929,42.9882404
MARCELLUS,ST,-76.166863,43.045744
MARCIA,ST,-76.1502063,43.0798438
MARGINAL,ST,-76.159876,43.030289
MARIPOSA,ST,-76.120043,43.062051
MARIS,DR,-76.156797,43.0006706
MARJORIE,ST,-76.1464755,42.994046
MARK,AVE,-76.149703,43.025265
MARKET,ST,-76.1488528,43.0496901
MARKLAND,AVE,-76.179598,43.031711
MARLBOROUGH,RD,-76.112125,43.07171
MARLETT,ST,-76.1548291,43.0083834
MARSHALL,ST,-76.1328423,43.0415932
MARTIN,ST,-76.1498803,43.0803148
MARVIN,RD,-76.1587132,43.011808
MARY,ST,-76.149787,43.063884
MASSENA,ST,-76.1664333,43.0386838
MATHER,ST,-76.128822,43.055399
MATSON,AVE,-76.1479008,43.0129345
MAURICE,AVE,-76.1593139,43.0126276
MAXWELL,AVE,-76.1558443,43.0064112
MAY,AVE,-76.160575,43.021769
MAYAR,ST,-76.137343,43.074677
MAYWOOD,DR,-76.1373132,43.002921
MCALLISTER,AVE,-76.142186,43.022379
MCBRIDE,ST,-76.145833,43.055894
MCCARTHY,AVE,-75.760632,42.8753479
MCCLURE,AVE,-76.141603,43.02148
MCCORMICK,AVE,-75.4859659,42.8509
MCDONALD,RD,-76.1889625,43.0156164
MCKINLEY,AVE,-75.8450485,42.8440048
MCLENNAN,AVE,-76.148857,43.028211
MEADOWBROOK,DR,-76.1111136,43.0336005
MEDORA,PL,-76.1577175,43.0146933
MELBOURNE,AVE,-76.096368,43.0492908
MELROSE,AVE,-76.1187482,43.0644086
MENLO,DR,-76.13803,43.010941
MERRILL,ST,-76.1503066,43.0818538
MERRIMAN,AVE,-76.16739,43.040238
MERRITT,AVE,-76.15584,42.9989854
MERTENS,AVE,-76.133059,43.071292
MERZ,AVE,-76.138573,43.064098
MICHAELS,AVE,-76.1498629,43.0757529
MICHAELS,CIR,-76.136686,43.025449
MIDLAND,AVE,-76.1496369,43.0209727
MIDLER,AVE,-76.1044936,43.0619068
MILBURN,DR,-76.1506893,43.0036264
MILES,AVE,-76.116201,43.033687
MILFORD,CT,-76.097136,43.068072
MILFORD,DR,-76.098748,43.06725
MILNOR,AVE,-76.100057,43.047514
MILTON,AVE,-76.1892118,43.051153
MINEOLA,DR,-76.1078299,43.0359808
MINERVA,ST,-76.143436,43.002978
MITCHELL,AVE,-76.1702729,43.0128966
MONROE,ST,-76.142873,43.041636
MONTANA,ST,-76.112624,43.034881
MONTGOMERY,ST,-76.148867,43.042751
MONTICELLO,DR,-76.1387417,43.002718
MOONEY,AVE,-76.1201182,43.0628079
MOORE,AVE,-76.137009,43.024394
MOREY,AVE,-76.149651,43.009493
MORGAN,AVE,-76.1997458,43.0567529
MORNINGSIDE,TER,-76.124343,43.028466
MORTON,AVE,-76.161209,43.028424
MORTON,ST,-76.1972372,43.0543174
MUNSON,DR,-76.1398772,42.9992054
MURRAY,AVE,-76.155951,43.077481
MYRTLE,ST,-76.1952889,43.0496142
NELSON,ST,-76.1759838,43.0457973
NEUTRAL,CT,-76.150359,43.064934
NEW,ST,-76.149145,43.0406
NEWELL,ST,-76.1507456,43.0171259
NIAGARA,ST,-76.160662,43.044155
NICHOLS,AVE,-76.103446,43.063463
NIVEN,ST,-76.106141,43.047595
NORMAN,AVE,-76.1505892,42.9928317
NORMANOR,DR,-76.1504795,42.9970634
NORTH,AVE,-76.114063,43.075769
NORTHCLIFFE,RD,-76.102099,43.066462
NORTON,AVE,-76.112125,43.07171
NORWOOD,AVE,-76.109797,43.072572
NOTTINGHAM,RD,-76.11127,43.025877
OAK,PL,-76.132109,43.056446
OAK,ST,-76.13601,43.062352
OAKDALE,DR,-76.1559014,43.0072377
OAKWOOD,AVE,-76.1453924,43.0356086
OBERST,ST,-76.144027,43.064316
OLIVE,ST,-76.1940607,43.0574156
ONONDAGA,AVE,-76.1641123,43.0294292
ONONDAGA,ST,-76.1646586,43.0355122
ORLANDO,AVE,-76.1406204,43.0018723
ORWOOD,PL,-76.129792,43.080622
OSTRANDER,AVE,-76.1479888,43.0139575
OSTROM,AVE,-76.1285068,43.0398932
OSTROM,PL,-76.128792,43.034773
OSWEGO,BLVD,-76.1500318,43.0516065
OSWEGO,ST,-76.164127,43.043729
OTISCO,ST,-76.164801,43.045197
OTTO,ST,-76.14039,43.004338
OXFORD,ST,-76.1538112,43.0339498
PACIFIC,AVE,-76.1519562,43.008385
PALMER,AVE,-76.1623922,43.0333297
PALMER,LN,-76.1609891,43.0118375
PARK,AVE,-76.1697066,43.0521708
PARK,ST,-96.179066,40.6585615
PARKSIDE,AVE,-76.1618946,43.0253039
PARKVIEW,AVE,-85.7406819,41.4188479
PARKWAY,DR,-76.16293,43.0243306
PARRISH,LN,-76.1400626,42.9862041
PASTIME,DR,-76.1601685,43.0685434
PATTISON,ST,-76.127369,43.059177
PAUL,AVE,-76.120749,43.069026
PEAT,ST,-76.115494,43.053598
PECK,AVE,-76.122747,43.0689949
PENNSYLVANIA,AVE,-76.1583354,43.0770506
PERSHING,AVE,-76.14024,43.074126
PETERS,ST,-76.146493,43.061519
PHARIS,ST,-76.1907688,43.0556702
PHELPS,PL,-76.137736,42.998612
PHILLIPS,RD,-76.091683,43.046789
PIERCE,ST,-76.1487722,43.0107267
PINE,ST,-76.129771,43.048399
PLEASANT,AVE,-76.1322024,43.1264971
PLEASANTVIEW,AVE,-76.134393,43.077034
PLUM,ST,-96.1838605,40.6580452
PLYMOUTH,DR,-76.099265,43.064571
POLK,ST,-76.092113,43.053689
POND,LN,-76.15073,43.067702
POND,ST,-76.1498413,43.0681851
PROSPECT,AVE,-76.1499532,43.0565621
PULASKI,ST,-76.1726182,43.0594358
PUTNAM,ST,-76.1705622,43.035784
RADCLIFFE,RD,-76.0783872,43.0452886
RAMSEY,AVE,-76.1079741,43.0409849
RANDALL,AVE,-76.1569018,43.0222567
RANN,AVE,-76.1866569,43.0536096
RAYMOND,AVE,-76.154605,43.0175979
RAYNOR,AVE,-76.148266,43.0354535
REDFIELD,PL,-76.120973,43.037606
REED,AVE,-76.181487,43.028369
REMINGTON,AVE,-76.132397,43.016439
RICH,ST,-76.1612452,43.0333763
RICHARD,RD,-76.202813,43.025425
RICHARDSON,AVE,-76.152892,43.018548
RICHFIELD,AVE,-76.1399296,42.9891073
RIDER,AVE,-76.180577,43.029872
RIDGEWAY,AVE,-76.1061419,43.0493711
RIDGEWOOD,DR,-76.094235,43.065851
RIGI,AVE,-76.104253,43.07154
RILL,AVE,-76.1497957,43.011863
RIVERDALE,DR,-76.1555338,43.0008165
RIVOLI,AVE,-76.134532,43.078842
ROBERT,DR,-76.1319765,43.0266259
ROBERTS,AVE,-76.1716729,43.0277887
ROBINEAU,RD,-76.1707474,43.0225815
ROBINSON,ST,-76.1222157,43.0583999
ROCKFORD,DR,-76.101811,43.03963
ROCKLAND,AVE,-76.156725,43.024017
ROCKWOOD,PL,-76.198229,43.022871
ROCKWOOD,RD,-76.199201,43.023814
RONEY,LN,-76.1359868,43.0205651
RONEY,RD,-76.1418145,43.0025374
ROOSEVELT,AVE,-76.117421,43.033632
ROSE,AVE,-76.1448597,43.0366613
ROSEMONT,DR,-76.145326,42.9934484
ROSEWOOD,ST,-76.143014,43.059166
ROSS,PARK,-76.1450099,43.0758433
ROWLAND,ST,-76.179632,43.035681
ROXBURY,RD,-76.097284,43.066493
ROYCROFT,RD,-76.082226,43.045609
RUGBY,RD,-76.128897,43.06731
RUSKIN,AVE,-76.168037,43.031658
RUTH,AVE,-76.13115,43.0226452
SABINE,ST,-76.1672183,43.0390417
SACKETT,ST,-76.176277,43.052133
SAILE,ST,-76.1431117,43.0708953
SALINA,ST,-76.154393,43.0621148
SALISBURY,RD,-76.2006232,43.0417458
SALT,ST,-76.1523739,43.0559562
SALT SPRINGS,RD,-76.0974878,43.0472208
SAND,ST,-76.167778,43.055551
SARAH LOGUEN,ST,-76.1405361,43.0437119
SCHILLER,AVE,-76.139006,43.071446
SCHNEIDER,ST,-76.143548,43.061985
SCHOECK,AVE,-76.1314924,43.0704165
SCHULER,ST,-76.1244575,43.0599462
SCOTT,AVE,-76.106954,43.035881
SCOTTHOLM,BLVD,-76.109384,43.042237
SCOTTHOLM,TER,-76.111716,43.040399
SCOVILLE,AVE,-76.1342777,43.0694443
SEARLWYN,RD,-76.1400966,42.9915859
SEDGWICK,DR,-76.13178,43.065697
SEDGWICK,RD,-76.1307198,43.0687498
SEDGWICK,ST,-76.1293195,43.0597649
SEELEY,AVE,-76.143164,43.002055
SENECA,DR,-76.140049,43.003014
SENECA,PL,-76.1595384,43.003825
SENECA,ST,-76.166425,43.044799
SEVENTH NORTH,ST,-76.1613651,43.0853497
SEWARD,ST,-76.142829,43.060637
SEYMOUR,ST,-76.16398,43.042263
SHARON,DR,-76.198551,43.026109
SHELBOURNE,PL,-76.16394,43.02355
SHELDON,AVE,-76.145041,43.009299
SHERBOURNE,RD,-76.110085,43.032056
SHERIDAN,DR,-76.1628639,43.0375057
SHERIDAN,PL,-76.1628639,43.0375057
SHERWOOD,AVE,-76.1247426,43.0558058
SHIRLEY,DR,-76.1344481,43.1432655
SHIRLEY,RD,-76.104352,43.036578
SHONNARD,ST,-76.163902,43.041362
SHOTWELL,PARK,-76.1154557,43.0645962
SHUART,AVE,-76.126419,43.06116
SIDMAN,AVE,-76.1972944,43.058374
SIDNEY,ST,-76.247358,43.0471818
SIZER,ST,-76.143142,43.036585
SLAYTON,AVE,-76.146285,43.0093864
SLOCUM,AVE,-76.1605154,43.0402345
SMILEY,DR,-76.146567,43.006219
SMITH,LN,-76.1351266,43.0214468
SMITH,RD,-76.102452,43.135219
SMITH,ST,-76.090714,43.053413
SNELL,TER,-76.137681,42.999137
SOLAR,ST,-76.164152,43.062978
SOMERSET,RD,-76.109375,43.030455
SOUTH,AVE,-76.1606623,43.0192513
SPAULDING,AVE,-76.145834,42.987
SPENCER,ST,-76.163984,43.057457
SPRING,LN,-76.1518717,43.0681545
SPRING,ST,-76.1531333,43.0695002
SPRINGBROOK,AVE,-76.138779,43.006532
SPRINGFIELD,RD,-76.0872906,43.0514007
ST ANNE,DR,-76.1185941,43.0598077
ST LOUIS,AVE,-76.1599145,43.0087796
ST MARYS,TER,-76.1470068,43.0802372
STACY,PL,-76.1507423,42.9949932
STADIUM,PL,-76.139343,43.0358275
STAFFORD,AVE,-76.112202,43.0625
STANDART,ST,-76.1405061,43.0348704
STANDISH,DR,-76.103451,43.033082
STATE,ST,-76.1471596,43.0355081
STATE FAIR,BLVD,-76.2239684,43.0796164
STEDMAN,ST,-76.1548736,43.0808855
STERLING,AVE,-76.1611687,43.0317514
STEUBEN,ST,-76.154119,43.066158
STEVENS,AVE,-76.140636,43.006297
STEVENS,PL,-76.1359158,43.018222
STINARD,AVE,-76.173632,43.025946
STOLP,AVE,-76.176833,43.03001
STRAND,PL,-76.1499831,43.0658278
STRATFORD,ST,-76.126707,43.034096
STRONG,AVE,-76.1172183,43.0372408
SUMMIT,AVE,-76.164472,43.026539
SUNHILL,TER,-76.189195,43.0283365
SUNNYCREST,RD,,
SUNNYSIDE,RD,-76.11051,43.038588
SUNSET,AVE,-76.16041,43.065421
SUNSTRUCK,DR,-76.1210855,43.0597127
SWANSEA,DR,-76.119623,43.072393
SWEETING,ST,-76.140109,43.070605
SYRACUSE,ST,-76.3285155,43.1505564
TAFT,AVE,-76.11502,43.076322
TALLMAN,ST,-76.1571145,43.0362884
TAYLOR,ST,-76.1455683,43.0393743
TEALL,AVE,-76.1227973,43.0666766
TEJAH,AVE,-76.1242478,43.014659
TEMPLE,PL,-76.160699,43.024027
TEMPLE,ST,-76.154117,43.039935
TENNYSON,AVE,-76.18434,43.046114
TERRACE,RD,-76.1253365,43.032311
TEX SIMONE,DR,-76.1657587,43.0774018
THAYER,ST,-76.126633,43.015523
THIRD,AVE,-96.1789806,40.6558181
THURBER,ST,-76.131442,43.0189345
THURLOW,DR,-76.1367432,42.9954828
TIOGA,ST,-76.163141,43.045605
TOWNSEND,PL,-76.1493678,43.0588603
TOWNSEND,ST,-76.1450954,43.0451237
TRACY,ST,-76.164375,43.049669
TRINITY,PL,-76.120082,43.040272
TULLY,ST,-76.162517,43.044695
TURTLE,ST,-76.157096,43.072638
TWIN HILLS,DR,-76.1728193,43.0238382
TYSON,PL,-76.10547,43.07081
UNION,AVE,-76.148073,43.056206
UNIVERSITY,AVE,-76.1343688,43.0453562
UNIVERSITY,PL,-76.1330922,43.0393882
UPLAND,RD,-76.1840728,43.0325291
VALE,ST,-76.1563907,43.014956
VALLEY,DR,-76.1531406,43.001752
VALLEY VIEW,DR,-76.1586639,43.0098063
VAN RENSSELAER,ST,-76.1659467,43.0560797
VANN,ST,-76.11761,43.056449
VELASKO,RD,-76.1848358,43.0208387
VICTORIA,PL,-76.117839,43.040707
VIEAU,DR,-76.183977,43.030668
VILLAGE,DR,-76.118412,43.071487
VINCENT,ST,-76.1310523,43.0213859
WADSWORTH,ST,-76.1393767,43.076647
WAINWRIGHT,AVE,-76.133549,43.077082
WAITE,AVE,-76.180052,43.053822
WALL,ST,-76.17301,43.050214
WALNUT,AVE,-76.1321453,43.0453415
WALNUT,PL,-76.1328145,43.0426425
WALRATH,RD,-76.139934,43.010978
WALTER,DR,-76.0986181,43.070069
WALTON,ST,-76.1555311,43.0479676
WARHAM,ST,-76.14511,43.071903
WARNER,AVE,-76.1466375,43.0222964
WARNER,CT,-76.199585,43.058062
WARREN,ST,-76.1508375,43.0465568
WARRINGTON,RD,-76.140141,42.994427
WASHINGTON,SQ,-76.1522879,43.0688944
WASHINGTON,ST,-92.8733393,38.6699339
WATER,ST,-81.9697268,38.9939041
WAVERLY,AVE,-76.1332908,43.0405109
WAYNE,ST,-76.140711,43.055035
WELDON,AVE,-76.1452435,43.0809082
WELLESLEY,RD,-76.1691066,43.0197726
WELLINGTON,PL,-76.1391042,43.0476369
WENDELL,TER,-76.129722,43.068245
WENTE,TER,-76.1586072,43.0107927
WEST,ST,-76.1587086,43.053309
WESTCOTT,ST,-76.119089,43.038567
WESTMINSTER,AVE,-76.120308,43.033544
WESTMORELAND,AVE,-76.1138527,43.0356012
WESTWOOD,RD,-76.196185,43.024925
WEYMOUTH,RD,-76.1406783,42.9961348
WHEATON,RD,-76.126277,43.070313
WHITE,ST,-76.1613618,43.0367497
WHITTIER,AVE,-76.184584,43.044266
WHITWELL,DR,-76.137375,43.06427
WILBUR,AVE,-76.176574,43.045061
WILKIE,PL,-76.140045,43.069781
WILKINSON,ST,-76.166169,43.050903
WILL,AVE,-76.172009,43.031755
WILLIAMS,ST,-76.1876302,43.0545933
WILLIS,AVE,-76.1950045,43.0563863
WILLISTON,AVE,-76.143804,43.07047
WILLOW,ST,-96.1765628,40.6554256
WILLUMAE,DR,-76.1543183,43.0778325
WILMORE,PL,-76.136392,43.082633
WILSON,PL,-76.0836821,43.0415975
WILSON,ST,-76.124999,43.062154
WIMAN,AVE,-76.153186,43.0137662
WINDSOR,PL,-76.1251361,43.0309632
WINKWORTH,PKWY,-76.1989246,43.0253491
WINTHROP,RD,-76.097106,43.065705
WOLCOTT,AVE,-76.18277,43.028987
WOLCOTT,TER,-76.184021,43.026381
WOLF,ST,-76.1595216,43.0775212
WOOD,AVE,-76.1477845,43.0257211
WOODBINE,AVE,-76.109487,43.0625
WOODLAND,AVE,-76.1439483,43.0297831
WOODLAWN,TER,-76.131153,43.071384
WOODRUFF,AVE,-76.137812,43.071047
WOODSIDE,DR,-76.099128,43.035439
WORDEN,AVE,-76.1401672,43.0730354
WYOMING,ST,-76.159789,43.045897
ACKERMAN,AVE,-76.124174,43.034229
BELDEN,AVE,-76.168016,43.054865
DANFORTH,ST,-76.155639,43.068985
HAZELWOOD,AVE,-76.097365,43.051716
LANCASTER,AVE,-76.1225659,43.0302165
LEMOYNE,AVE,-76.1521096,43.0810118
CANAL,ST,-76.129949,43.05104
ALLEN,ST,-76.116605,43.0416257
APPLE,ST,-76.176318,43.051183
ARNOLD,AVE,-76.125576,43.017171
ARTHUR,ST,-76.177035,43.0327836
BALL,AVE,-76.100195,43.049097
DEFOREST,RD,-76.090257,43.042728
DELHI,ST,-76.1320272,43.0552799
EVALEEN,AVE,-76.1513167,43.0093879
GREENWAY,AVE,-76.119771,43.0543932
HAMILTON,ST,-76.1899708,43.0492175
HARRIETTE,AVE,-76.130372,43.024165
HICKORY,ST,-76.147272,43.055194
HOLMES,ST,-76.125576,43.017171
HOWARD,ST,-76.1391815,43.0533581
LEON,ST,-76.142797,43.03187
LEWISTON,DR,-76.112162,43.023546
LOCKSLEY,RD,-76.0966021,43.0369748
MAPLE,ST,-76.125598,43.047244
MARGUERITE,AVE,-76.157674,43.019956
MILDRED,AVE,-76.12015,43.069737
MOUNTAINVIEW,AVE,-76.0977857,43.0508245
ONEIDA,ST,-76.152841,43.039487
ONTARIO,ST,-76.168081,43.044397
PINE GROVE,ST,-76.1261699,43.014625
PRIMROSE,AVE,-76.1480529,43.0147806
RANDOLPH,ST,-76.141699,43.004284
ROE,AVE,-76.124515,43.017709
SCHOOL,ST,-76.1859961,43.0532078
SCHUYLER,ST,-76.1873033,43.0489966
ST MARKS,AVE,-76.1867966,43.0539216
STRATHMORE,DR,-76.1721085,43.0216884
SUNRISE,DR,-76.137777,42.995129
TOMPKINS,ST,-76.1855708,43.0465598
ULSTER,ST,-76.186423,43.047768
VAN BUREN,ST,-76.1423658,43.0401876
VINE,ST,-76.125665,43.0581001
AUDUBON,PKWY,-76.0951341,43.0509771
ELLIS,ST,-76.113616,43.047234
ELM,ST,-76.130334,43.055336
IRVING,AVE,-76.1378457,43.0426834
KIRKPATRICK,ST,-76.1531333,43.0695002
LAFORTE,AVE,-76.1752853,43.0309821
PEARL,ST,-76.1507906,43.0542075
RENWICK,AVE,-76.1413503,43.0380675
RICHMOND,AVE,-76.17301,43.050214
RIEGEL,ST,-76.1168143,43.0548076
SEELEY,RD,-76.1037835,43.0497302
UNION,PL,-76.1556447,43.0645425
WEBSTER,AVE,-76.145275,43.022367
WINTON,ST,-76.123486,43.056781
JACKSON,ST,-76.14309,43.040386
LIVINGSTON,AVE,-76.1268789,43.036009
MARYLAND,AVE,-76.1202899,43.0367504
SUMNER,AVE,-76.1256489,43.0364867
NORTHWAY,ST,-76.0926686,43.0528084
